distance_from_home,distance_from_last_transaction,ratio_to_median_purchase_price,repeat_retailer,used_chip,used_pin_number,online_order,fraud
57.87785658,0.311140008,1.945939978,1,1,0,0,0
2.247564328,5.600043547,0.362662578,1,1,0,1,0
44.190936,0.566486268,2.222767298,1,1,0,1,0
5.586407674,13.26107327,0.064768465,1,0,0,0,0
3.724019125,0.956837928,0.278464945,1,0,0,1,0
4.848246572,0.320735427,1.273049524,1,0,1,0,0
0.876632256,2.503608927,1.516999315,0,0,0,0,0
8.839046704,2.970512276,2.361682547,1,0,0,1,0
14.26352974,0.158758086,1.136101941,1,1,0,1,0
13.59236757,0.240539813,1.370329861,1,1,0,1,0
2.131955666,56.37240054,6.358667322,1,0,0,1,1
13.95597237,0.271521528,2.798901125,1,0,0,1,0
179.6651477,0.120919638,0.535640483,1,1,1,1,0
114.5197894,0.707003253,0.516989925,1,0,0,0,0
3.589648598,6.247457542,1.846450527,1,0,0,0,0
6.194670766,1.142014236,0.307216609,1,0,0,0,0
78.62324229,1.4092452,1.838016428,1,1,0,0,0
3.92221196,4.82209148,0.703770448,1,0,0,0,0
1.695050441,0.069200876,0.185286171,0,0,0,0,0
8.084177483,0.138202806,0.378661235,1,0,1,0,0
3.803057351,67.24108053,1.872949614,1,0,0,1,1
17.04338443,0.328273383,0.347203876,1,0,0,1,0
5.482982322,3.501975947,1.986467254,1,0,0,0,0
53.46555834,0.088406625,0.204612702,1,0,0,1,0
3.216044756,17.14473592,1.788833243,1,1,0,1,0
15.69498554,175.9891815,0.855622829,1,0,0,1,1
85.83725334,1.035117876,0.868295614,1,1,0,1,0
35.26648271,0.085185008,0.174184253,1,1,0,1,0
56.59109468,0.718385891,0.736883111,1,0,0,1,0
67.59186117,1.612995562,0.207043005,1,1,0,0,0
4.426862416,5.144466644,2.323604269,1,0,0,1,0
26.71146202,1.552008126,4.603600688,1,1,0,1,1
10.66447372,1.565769086,4.886520843,1,0,0,1,1
202.7574416,0.275015145,0.775548534,1,0,1,1,0
13.05847051,0.256084064,1.001254294,1,0,0,0,0
83.19190905,0.974245099,2.204589077,1,1,0,1,0
31.89235267,0.120352361,0.348585634,1,0,0,1,0
1.712193488,2.351497708,0.534163286,0,0,0,1,0
14.12790501,5.862020928,0.292773048,1,1,0,1,0
2.020769395,0.178019565,0.814507941,1,1,0,1,0
6.792999036,3.419804848,0.438824282,1,0,0,1,0
15.23536146,0.300208725,0.464272768,1,0,0,0,0
5.471113979,1.024178087,0.067180502,1,0,0,0,0
2.530145018,3.68978109,8.297406866,1,0,0,1,1
21.12611616,0.271987396,6.081770719,1,0,0,1,1
42.73585576,0.035699496,1.80639333,1,1,0,0,0
15.69330306,4.177117,0.331321954,1,0,0,1,0
43.28131438,3.367792624,0.676058275,1,1,1,1,0
7.847434937,0.671282692,1.070598532,1,1,0,1,0
18.22039234,6.885983629,0.302610409,1,0,0,1,0
151.3704372,5.340080995,1.171566648,1,0,0,1,1
24.26890632,0.136521016,1.501787856,1,1,1,1,0
2.148084811,0.416398204,1.037428065,1,1,1,0,0
7.38390574,0.224351714,2.280146884,1,0,0,1,0
10.53806364,0.113248293,1.428239371,1,0,1,1,0
36.43323901,29.45355376,1.923812948,1,0,0,1,0
0.978537218,2.864197824,3.262479917,0,0,0,0,0
1.340369821,0.295635723,1.186698524,0,1,1,0,0
13.49194012,24.82472884,10.19435884,1,0,0,0,0
12.76621731,23.44005736,2.748127678,1,0,0,0,0
17.79788824,1.395508398,2.880479352,1,1,0,0,0
7.29652776,1.154785802,1.023310655,1,0,0,1,0
39.0212293,2.62135849,1.199161581,1,1,0,1,0
6.841207405,0.222439849,0.835550838,1,0,0,1,0
58.97661094,9.002463448,0.330141362,1,0,0,1,0
57.42422511,1.913080706,0.412949282,1,0,0,1,0
3.926577889,3.939249377,0.160378891,1,0,0,0,0
7.553377221,0.043266138,1.265741446,1,1,0,1,0
64.4145768,2.358837402,0.790942773,1,0,0,1,0
50.62877341,19.42710037,3.009400601,1,0,0,1,0
91.43465105,0.041362221,0.186367278,1,0,1,1,0
55.46476762,7.312226306,1.351961052,1,0,0,1,0
2.642010648,0.855687921,0.704809779,1,1,0,1,0
22.84200228,2.490806248,0.135332933,1,1,0,1,0
48.76578564,1.181796988,1.194516641,1,1,0,1,0
14.59693483,0.120035327,0.214751776,1,0,1,0,0
15.61301918,0.995150839,0.94487068,1,1,0,1,0
8.868768948,0.094204911,0.293933588,1,0,0,0,0
3.231364763,0.397285282,2.095418743,1,0,0,1,0
17.75676256,2.895898574,0.662669281,1,0,0,0,0
2.867988382,0.317795324,2.217679985,1,0,0,0,0
5.168708301,0.700186399,0.746127644,1,0,0,1,0
2.961668833,0.836398805,2.355077471,1,0,0,0,0
19.30371622,0.664108066,0.673727244,1,0,0,1,0
1.164352824,0.484344963,1.013047137,0,0,0,1,0
12.71240607,0.523581764,0.653477852,1,1,0,1,0
129.948196,15.70103291,1.523280703,1,0,1,1,0
5.67913227,0.089531631,0.666496083,1,0,0,1,0
10.7938467,0.306373403,1.91738704,1,0,0,0,0
11.41176284,2.233248098,1.761724847,1,1,0,1,0
2.987853654,9.315192457,1.921045575,1,0,0,1,0
0.530985369,1.501574953,4.421388187,0,1,0,0,0
6.136180829,2.57957435,1.494086903,1,1,1,1,0
1.532551088,3.097159488,0.397260475,0,1,0,0,0
21.37741932,0.408323947,0.190822942,1,1,0,1,0
9.598401341,0.454556346,6.084828701,1,0,0,1,1
1.821700709,0.633544049,3.130279023,0,0,0,1,0
6.701852476,0.260087966,3.796329318,1,0,0,1,0
22.54558758,0.353939255,4.095442206,1,0,0,1,1
36.25933326,0.033923109,0.743043444,1,0,0,1,0
56.55017286,0.231074591,5.941664564,1,1,0,0,0
6.66516557,1.603089526,1.957912267,1,0,0,1,0
6.80880033,2.805376548,1.638823299,1,0,0,0,0
36.59554186,1.333665284,0.249509146,1,1,0,0,0
1.035586773,0.291383331,0.46812268,0,0,0,1,0
11.50157552,1.25563526,1.395666659,1,0,0,1,0
335.18932,1.114167666,0.098242806,1,0,0,1,1
43.32644364,0.205254616,4.250634052,1,0,0,1,1
1.115880688,0.170236928,4.127313379,0,0,0,0,1
2.752767007,11.34231958,0.664328708,1,0,0,0,0
5.661214037,0.597677517,0.584116328,1,0,0,1,0
3.686197718,0.910156022,0.328611353,1,0,1,0,0
6.738288996,0.563817443,1.803965207,1,0,0,1,0
2.064181398,0.540532453,0.095553742,1,0,0,1,0
34.35754682,0.214758376,1.024255473,1,1,0,1,0
9.683342427,0.09585077,2.145045777,1,0,0,1,0
1.24955503,1.954453545,1.993879691,0,1,0,1,0
40.64535579,5.154012634,0.242996015,1,1,0,0,0
69.48260119,0.236830782,1.469555279,1,1,0,1,0
182.8617806,4.607446941,0.774545418,1,0,0,0,0
3.228764595,0.802423978,2.537282841,1,0,0,1,0
49.72522738,0.191538878,1.537185944,1,0,0,0,0
34.39289258,0.03348964,0.292744632,1,0,0,1,0
5.154328337,0.01150284,1.317723796,1,1,0,1,0
1.065103068,3.233769352,1.876446518,0,0,0,0,0
47.31394625,6.192771366,0.623550243,1,1,0,0,0
59.54879608,0.039727778,0.086003015,1,0,0,0,0
15.71682606,0.105937475,0.997445192,1,0,0,1,0
5.793890004,2.758511013,5.085685576,1,0,0,1,1
5.407948148,0.165038406,2.392868843,1,0,0,0,0
5.169928151,0.534060347,1.348865996,1,1,1,1,0
14.74559655,0.371949838,1.885095464,1,0,0,1,0
0.279239001,0.533745006,1.515041095,0,0,0,1,0
22.64196198,0.015625155,4.322207384,1,0,0,1,1
17.92387968,0.461617856,0.200492719,1,1,0,1,0
2.660649119,0.657162048,3.837859968,1,0,0,1,0
15.56570018,2.312278046,1.824021585,1,1,0,1,0
0.470222118,2.199012832,0.398893191,0,0,0,1,0
13.51607085,2.178774365,1.361951192,1,0,0,1,0
45.8151712,0.227493977,0.713608022,1,0,0,1,0
40.4422358,0.187131302,1.922024617,1,1,0,1,0
23.14975501,0.51871319,1.058594868,1,0,0,1,0
97.59869964,1.229758522,0.088894716,1,0,0,0,0
31.09332842,0.118557084,0.890572238,1,0,0,1,0
29.16190011,1.752120803,0.687967369,1,0,0,1,0
8.826660759,0.61042141,3.998766987,1,1,0,1,0
20.63645258,0.269351436,1.140022568,1,0,0,0,0
3.357480767,990.0703152,3.157889903,1,0,0,0,0
88.15891899,0.65525978,5.433499527,1,0,0,1,1
13.05573791,5.632184691,1.778690691,1,0,0,1,0
15.01904264,0.023864308,0.503276158,1,0,0,0,0
12.88841173,0.551309048,0.386037724,1,0,1,1,0
9.256743662,6.36783648,0.108691865,1,1,0,1,0
45.78484032,0.112816444,1.810569077,1,0,0,0,0
58.73790271,19.73190204,0.054064969,1,0,0,1,0
9.890449997,6.491197581,1.787365557,1,0,0,1,0
23.64084832,0.072674477,0.219699977,1,0,0,1,0
25.88925532,0.664164009,0.159516642,1,1,0,0,0
0.97514987,0.030434471,0.351549106,0,0,0,1,0
3.448570109,0.386173949,0.935690362,1,0,0,0,0
21.28517634,0.135633603,0.583676981,1,1,0,1,0
20.30566764,0.147978414,1.030639511,1,1,0,1,0
6.119067523,0.677713446,1.63701172,1,0,0,1,0
5.867706833,3.506005941,0.642337562,1,1,1,1,0
3.273425744,1.056947913,1.694281209,1,0,0,1,0
84.69070586,0.960240832,2.738579525,1,0,0,1,0
2.508855399,0.26666594,2.931652681,1,0,0,1,0
3.657784024,0.086008937,0.565987665,1,0,0,0,0
51.51823661,0.855141153,3.79622056,1,0,1,0,0
26.83582371,1.24919608,1.997505023,1,0,0,1,0
1.281423291,1.853014823,1.924057623,0,0,0,1,0
44.36817792,0.471196524,0.702188853,1,0,0,1,0
4.422142802,0.402990257,2.096687257,1,0,0,0,0
0.375682955,3.427590851,2.483700563,0,1,0,0,0
23.93855032,1.602502242,0.403988258,1,1,0,0,0
13.71675325,4.387919479,0.454309226,1,1,0,1,0
22.86666517,0.564382794,3.760495719,1,0,0,1,0
4.159180999,0.645901093,0.568752502,1,1,0,0,0
7.741490804,1.572492494,0.621766728,1,0,0,1,0
15.09819201,0.396494847,1.001797552,1,0,0,1,0
10.3996906,0.460512276,0.743576263,1,0,0,1,0
5.148886062,0.70210974,2.213030469,1,1,0,1,0
1.200795914,2.654549612,0.056668494,0,0,0,0,0
3.436953217,2.677071903,0.559223761,1,1,0,0,0
45.03173587,0.055076966,1.312067426,1,0,0,1,0
242.9131874,4.424775816,0.741428259,1,0,0,0,0
4.586563849,3.365070203,2.454287777,1,0,0,0,0
19.15304171,0.403532741,1.111563023,1,0,1,1,0
0.71800541,10.05451985,1.341926904,0,1,0,0,0
9.520682342,0.865589121,2.89411145,1,1,0,1,0
32.37411508,3.218883872,2.392095936,1,0,0,0,0
0.437514402,23.6806261,0.355723165,0,0,0,1,0
1.750378482,0.084898795,0.26465738,0,0,0,1,0
11.18742022,7.290403745,0.688782924,1,0,1,1,0
63.74208998,18.27289744,0.581007818,1,0,0,1,0
3.250048761,1.261072785,0.508139333,1,1,0,0,0
11.54204044,0.804852308,0.157328153,1,0,0,1,0
42.22209601,0.557980718,2.13158228,1,0,0,1,0
1.399560422,2.570970143,3.393786067,0,0,0,0,0
13.16729033,6.011046021,0.809496888,1,1,0,1,0
12.24564033,0.22650112,0.993680165,1,0,0,1,0
111.2852061,0.379031688,1.858472173,1,0,0,1,1
17.03664884,1.476279365,0.870256209,1,0,0,1,0
11.15146225,0.610362847,1.374947356,1,0,0,1,0
45.24814646,0.21010688,0.918258631,1,0,0,0,0
5.376921586,0.210356371,0.808983053,1,1,0,0,0
34.413901,25.29759753,14.69771312,1,0,0,1,1
14.83133122,0.255510021,0.389416929,1,1,0,1,0
248.0640492,0.171596331,1.42436925,1,0,0,1,1
5.767567057,2.383673651,0.334486399,1,1,0,1,0
25.07628171,43.30446072,0.325630837,1,0,0,1,0
6.082385127,3.871582909,2.025796123,1,0,1,0,0
3.311738273,0.142076854,2.198426993,1,0,0,0,0
30.54817932,1.362458796,5.674145913,1,0,1,1,0
15.64944025,4.262598931,2.490477043,1,0,0,0,0
32.28174878,1.192121094,0.394434318,1,1,0,1,0
8.154231197,0.137577033,0.712067772,1,0,0,1,0
7.33548444,0.344867593,15.51161959,1,0,0,1,1
13.38435109,5.002755317,0.988471022,1,0,0,0,0
73.46682948,1.710467924,0.059740954,1,0,0,0,0
11.3409775,11.87910385,0.940543563,1,0,0,0,0
24.46517576,9.698102262,0.651264437,1,0,0,1,0
9.311299584,0.090026158,0.704987301,1,0,0,1,0
62.60717342,4.135260042,6.990106344,1,0,0,0,0
15.84021329,0.494704792,0.1260897,1,1,0,1,0
1.53692098,8.04993881,13.33484367,0,0,0,0,1
12.01108295,0.314133425,0.798424737,1,0,1,1,0
28.01007584,4.83065759,1.214271939,1,0,0,1,0
17.34151194,1.030454191,2.370736049,1,0,0,0,0
2.602379668,3.809359822,9.23103865,1,1,0,0,0
1.574525423,10.27062474,0.067868145,0,0,0,1,0
92.00940533,2.252856297,1.864322381,1,0,0,1,0
10.7807481,0.224876748,1.358782362,1,0,0,1,0
8.120673803,0.933358504,1.164080937,1,1,0,1,0
27.86854439,0.346827384,1.186033222,1,1,0,1,0
0.948522924,23.40409489,0.90498024,0,0,0,1,0
5.146676507,0.021887845,0.494897661,1,1,1,1,0
3.501877978,3.175596154,1.363314101,1,0,1,0,0
10.353495,0.104519767,0.686941801,1,0,0,1,0
18.05086098,4.319051377,0.453059243,1,0,0,1,0
112.2738759,1.193257494,1.989151497,1,1,0,1,0
0.114056308,4.142286129,0.491880029,0,0,0,0,0
6.649470226,0.801349068,1.467927953,1,0,0,0,0
23.90103784,1.440185365,3.252790937,1,0,0,1,0
83.72351865,0.05315477,2.926469875,1,0,0,1,0
5.211159233,23.2624262,0.227790071,1,0,1,0,0
71.45056884,0.757631018,0.584373917,1,0,0,0,0
4.057044416,2.142441467,0.368000058,1,0,0,1,0
7.888322856,0.513049043,5.337625815,1,0,0,1,1
601.5229191,0.028723206,0.85977863,1,0,0,1,1
5.609998089,0.137513186,0.761233849,1,0,0,1,0
18.21889117,20.03331666,0.435771516,1,1,0,1,0
8.047301791,4.168764417,0.250209166,1,1,0,0,0
37.09366043,10.23115075,5.776353954,1,0,0,1,1
5.336013178,0.142828746,9.359382534,1,1,0,0,0
63.58299864,0.335557582,0.898347776,1,0,0,1,0
5.764412015,0.624542382,8.56593478,1,1,0,1,1
7.230067263,4.029308624,5.746112421,1,1,0,1,1
8.958840997,0.425875636,1.005078936,1,0,0,0,0
2.763951594,0.390094288,0.615175706,1,0,1,1,0
1.626024408,0.245508717,1.335301025,0,0,0,1,0
7.072288684,0.639052642,0.18009945,1,1,0,1,0
27.36320524,1.510587227,0.022516055,1,0,0,1,0
112.0871559,0.298012571,2.339287241,1,0,0,1,1
13.28900153,1.19308652,0.582012234,1,0,0,1,0
16.66134925,2.784198855,1.141515683,1,1,1,1,0
1.210873738,4.934786453,0.292294448,0,0,0,0,0
2.903727885,0.011493689,0.156474006,1,0,0,0,0
1.818318848,9.376789376,1.239807627,0,0,0,1,0
11.92402578,0.489777043,1.530553201,1,0,0,1,0
2.764392788,0.003199164,1.300072363,1,1,0,1,0
2.739623489,5.141774067,0.617280494,1,1,1,1,0
26.75646605,1.490117321,2.404669967,1,0,1,1,0
28.18100742,0.188856422,0.781027197,1,1,0,1,0
10.99120127,50.86759173,0.314642891,1,1,0,0,0
37.66819348,0.094521367,0.537935609,1,1,0,1,0
70.20819773,0.78046168,1.160596826,1,1,0,1,0
170.247058,0.419110659,0.153334338,1,0,0,1,1
8.386406175,1.815767602,6.200326301,1,0,0,0,0
0.932351418,0.071302492,0.303399392,0,0,0,0,0
24.33748771,1.398618266,6.230792397,1,1,0,1,1
19.30101261,1.487343313,1.592103849,1,0,0,1,0
36.55689879,0.369011431,1.296316493,1,0,0,0,0
1.832542599,0.978430956,1.428365523,0,0,0,1,0
3.427954441,0.075586164,0.683654807,1,0,0,1,0
4.901563645,3.772676408,0.577846439,1,1,0,0,0
33.00326093,1.502598047,0.616965237,1,1,0,0,0
39.23597184,0.842249062,1.077600858,1,0,0,0,0
5.00978918,0.430955564,0.902432224,1,0,0,1,0
36.72505735,0.129994793,1.180745511,1,1,0,0,0
2.162843279,2.1313973,0.492718594,1,0,0,1,0
22.40957871,1.393890912,0.494685212,1,0,0,1,0
2.259733912,0.701442689,1.88202689,1,0,0,1,0
38.33596661,0.207041498,2.131366155,1,1,0,1,0
0.32536516,0.70960533,1.720483595,0,0,0,1,0
7.067664115,0.383510107,0.466144442,1,0,0,1,0
13.25181798,0.0624691,0.682559348,1,0,0,1,0
8.745706819,2.619224751,0.915243002,1,0,0,1,0
10.34032087,0.919057129,1.357951322,1,0,0,1,0
3.224405387,2.635070444,2.059972582,1,0,0,0,0
8.44251896,0.247654512,0.962410516,1,1,0,1,0
2.253822404,0.841076132,0.420308575,1,0,1,0,0
12.44001922,8.726477453,2.738452129,1,1,0,1,0
14.68570343,3.392571849,1.082989046,1,1,0,1,0
5.574470493,0.782367508,0.566961981,1,0,1,0,0
31.68643151,1.132574241,0.292410174,1,0,0,1,0
8.887529672,0.70436696,1.986620557,1,1,0,1,0
3.49661569,2.159226207,3.831575774,1,0,0,1,0
5.853458737,7.987840279,0.459242115,1,0,0,0,0
8.195384344,0.412381823,2.254856083,1,1,0,1,0
17.24741487,0.216716754,1.633251184,1,0,0,0,0
1.457156212,16.59700304,1.424996629,0,0,1,1,0
9.569161589,0.86576191,0.891635287,1,0,0,1,0
3.23460508,6.155422664,0.362182728,1,0,0,1,0
5.57697548,0.163077867,1.716449255,1,1,0,1,0
3.340273281,8.429140853,3.180621558,1,0,0,0,0
40.35160129,0.27860288,0.94784289,1,0,0,1,0
1.52365906,0.484768518,1.744873048,0,0,1,1,0
99.90976008,0.350526449,0.469204052,1,0,0,1,0
21.14428443,5.225097894,1.068578662,1,0,0,1,0
12.0369247,0.134304935,1.227404607,1,0,0,1,0
19.17621979,0.258395325,0.325243332,1,0,1,1,0
2.590785891,10.16549721,3.105453566,1,0,1,1,0
2.905652137,0.207954378,0.475863072,1,0,0,1,0
16.91047996,33.62197765,1.543906269,1,0,0,0,0
12.75089498,0.857614087,17.70614528,1,1,0,1,1
13.11359591,0.388908894,4.409160226,1,0,0,1,1
11.36325113,0.476903078,1.384801175,1,0,0,0,0
9.843054819,11.72343439,1.948777069,1,0,0,1,0
8.167520582,3.28948355,0.209413826,1,1,0,0,0
5.086679369,0.393837583,1.042940992,1,1,1,1,0
13.3704968,5.02713949,1.70477255,1,0,0,1,0
10.22543769,0.486101803,0.482909578,1,0,0,1,0
7.288792826,0.006608092,3.061352607,1,0,0,0,0
0.836668941,1.701393009,0.495434446,0,0,0,1,0
22.30280235,0.165404993,0.460320105,1,0,1,1,0
0.475604027,0.208201648,1.809656362,0,0,1,1,0
15.68449535,0.044943267,1.400933123,1,0,0,1,0
12.13185314,1.074913989,0.410581847,1,1,0,0,0
30.78969336,0.073989371,1.354420631,1,0,1,1,0
39.6556906,1.169157775,1.166138538,1,0,0,1,0
5.111290291,0.039368838,0.647981001,1,0,0,1,0
17.60088094,0.607649857,0.839763117,1,0,0,1,0
12.51140362,1.24210644,0.262219759,1,0,1,1,0
13.18577563,0.700928689,0.216255155,1,1,0,0,0
55.42083231,0.627517781,0.900720391,1,0,0,1,0
18.63311927,6.776479,2.542593961,1,1,0,1,0
2.585015227,0.264618933,0.446976587,1,0,0,1,0
13.72805108,2.56106571,0.188185118,1,0,0,1,0
23.25929679,0.145760559,0.78569804,1,1,0,1,0
2.690045969,2.902193365,0.401838122,1,0,0,1,0
109.5283476,0.804633412,2.469829507,1,1,0,0,0
3.045372744,0.091252205,0.146399006,1,0,0,1,0
5.283149753,10.12880601,3.364778979,1,0,0,1,0
32.7561664,0.866698507,0.715640274,1,0,0,1,0
2.121811005,0.02574449,2.019384513,1,1,0,1,0
11.62741592,21.89418548,1.354570799,1,0,0,1,0
8.319802056,2.946593701,0.069985115,1,1,0,1,0
27.88179977,4.357050006,0.203521711,1,0,0,1,0
8.19333487,8.644753511,3.143600105,1,0,0,1,0
10.59437277,0.300184222,4.766703963,1,0,0,1,1
10.1389098,1.718571956,0.204125828,1,0,0,0,0
35.28895021,6.175397961,0.189066484,1,1,0,1,0
7.60082246,1.23279071,1.449561027,1,0,0,0,0
49.06417154,0.379009046,1.384642724,1,0,0,0,0
44.37502017,0.417006773,2.000317439,1,0,0,1,0
2.824363477,2.385967643,1.032676175,1,0,0,1,0
3.672459328,0.325990813,0.483854086,1,0,0,1,0
13.27935467,2.091676353,2.324036923,1,0,0,1,0
6.564853591,0.041256959,0.500399243,1,0,0,1,0
20.39090954,3.471440186,2.174161764,1,0,0,1,0
22.44651789,1.533898548,0.290251917,1,0,0,0,0
0.453406109,0.037135067,12.17800093,0,1,0,0,0
4.304047581,0.632199407,0.735380684,1,0,0,0,0
5.534137006,2.160614998,36.07436613,1,0,0,0,0
12.39127146,1.658017253,0.380574689,1,0,0,1,0
11.08079402,0.245596563,1.273299618,1,0,0,1,0
2.810444532,0.851268845,0.673136876,1,0,1,0,0
386.0952543,5.367957485,1.615735423,1,0,0,1,1
6.266875949,0.630584062,1.564972992,1,0,0,0,0
5.695493428,2.632929378,0.330789367,1,0,0,0,0
2.701166156,1.809928034,4.256592098,1,0,0,0,0
14.73729197,132.034827,1.123251285,1,1,0,0,0
3.246637106,0.100644305,0.764646055,1,0,1,1,0
29.5789152,1.258031801,0.788657559,1,0,0,0,0
17.6624673,0.417630562,1.27895165,1,0,0,1,0
21.07248078,0.56966188,0.195985173,1,1,0,0,0
3.080101147,1.903364321,0.726604073,1,0,1,0,0
6.193254313,4.342273145,0.296246673,1,1,0,1,0
29.40307018,13.85829815,0.222316155,1,1,0,0,0
0.805305709,0.128807772,1.27150117,0,0,0,0,0
21.59121556,0.061048013,0.927828373,1,0,1,0,0
1.822821903,13.26682079,2.14737151,0,0,0,1,0
73.08987812,1.445277367,2.283660125,1,0,0,1,0
8.602004068,1.203980138,3.914198062,1,1,0,0,0
15.23738019,27.12073906,0.955504071,1,0,0,1,0
965.910612,0.023604009,0.257908102,1,0,0,1,1
6.430639905,0.363905202,1.159076682,1,0,0,1,0
10.73295153,1.569238967,0.169183468,1,1,0,1,0
19.48272009,2.315738611,1.132342271,1,0,1,1,0
13.36363537,0.437106579,2.133985058,1,0,0,1,0
57.53565458,1.72891801,1.389868889,1,0,0,0,0
5.350240329,2.748817694,0.157667427,1,1,0,0,0
74.79093363,5.319624788,0.998868122,1,1,0,0,0
34.02609896,0.584336696,0.413582767,1,0,0,1,0
8.948874101,0.592979579,1.55464715,1,0,0,0,0
7.17929358,0.788299945,0.754422583,1,1,0,1,0
53.74719241,0.239465935,1.464393971,1,1,0,1,0
34.9516745,2.40893317,2.078656443,1,1,0,1,0
2.232716458,2.276456168,0.934322365,1,1,0,0,0
8.633030471,3.034760174,1.197518466,1,1,0,0,0
2.798045965,0.486248903,2.353046595,1,1,0,1,0
2.713987502,0.102796893,0.440645755,1,0,0,0,0
3.688139176,1.953477155,0.568458232,1,1,0,1,0
108.8678556,0.164883944,0.260781828,1,0,0,1,1
3.923262361,0.432572525,0.54532104,1,0,0,0,0
8.27774335,0.014195637,1.314611665,1,1,0,1,0
37.38864984,0.30681965,0.27899426,1,0,0,0,0
1.668710391,0.49608083,0.327632933,0,0,0,1,0
36.52520516,3.640865289,0.767763481,1,1,0,0,0
6.498015604,0.228994675,0.17175015,1,0,0,0,0
9.046018239,1.342226406,0.188888423,1,1,0,1,0
1.119643026,0.961857776,1.19647424,0,0,0,1,0
23.02412945,0.025059476,0.300026142,1,1,0,1,0
6.244341386,1.87001601,1.391945318,1,0,0,1,0
60.81399008,0.587777733,0.678141745,1,0,0,1,0
10.57695607,1.26797822,1.298362258,1,1,0,1,0
6.191613079,1.681059691,0.848440599,1,0,0,1,0
6.190879526,1.699127283,0.846402,1,0,0,0,0
23.23313253,13.44436645,0.208373701,1,0,0,1,0
38.65607982,0.681389006,3.456065336,1,1,0,1,0
2.493433496,0.779425427,4.00734114,1,0,0,1,1
9.807804886,10.68257252,0.261120966,1,0,0,1,0
4.970775363,0.041625134,0.163549983,1,0,0,1,0
27.29664618,4.297156511,2.521240793,1,0,0,0,0
2.114135046,1.269493843,0.132421314,1,0,0,1,0
1.317222949,0.650843662,1.186827895,0,0,0,1,0
2.476404337,0.176130767,3.325585605,1,0,0,1,0
46.68792021,0.927317069,0.156418131,1,0,0,1,0
11.00567019,0.053507064,0.802154079,1,0,0,0,0
5.657676112,0.018183197,0.51553146,1,1,0,1,0
5.734250177,5.882852275,0.508797983,1,1,1,1,0
14.83170612,3.124480254,0.645913152,1,1,1,0,0
17.80998768,3.732033948,1.96787853,1,0,1,0,0
7.654018285,1.196821217,3.865976883,1,0,0,1,0
6.111096784,0.955214412,1.783102218,1,0,0,0,0
51.92318723,0.412924656,2.492684506,1,0,0,0,0
48.75503625,0.179615874,0.128024439,1,1,0,1,0
1.620860028,0.710191501,1.632393327,0,0,0,1,0
1.25922676,2.973198573,0.171278636,0,0,1,1,0
9.309141021,0.595222053,0.052925874,1,0,1,1,0
46.55429557,2.591477634,3.242943884,1,1,0,0,0
1.765087385,0.703380944,2.074425151,0,0,0,1,0
79.70684061,0.453943883,0.5480855,1,0,1,0,0
5.466383875,0.158848609,0.806384612,1,1,0,1,0
23.30381608,2.771685486,0.781124826,1,1,1,1,0
32.78871487,0.04062479,0.467258095,1,1,0,0,0
6.020396851,1.176493722,14.17515729,1,0,1,0,0
8.018449955,3.640076193,13.65514641,1,1,0,1,1
11.54351646,0.409373378,1.578751382,1,0,0,1,0
8.175497382,7.913083287,3.705153518,1,1,0,0,0
0.847759459,3.31403139,0.475497212,0,1,0,0,0
9.046135789,9.139553948,0.746131543,1,1,0,0,0
17.07532392,5.661386106,1.947197639,1,1,0,0,0
38.95525947,6.362583215,0.212653293,1,0,0,1,0
25.51736574,0.018884654,10.55911344,1,0,0,1,1
23.97508626,2.469325326,1.186992199,1,0,1,1,0
52.16003042,0.35272185,0.498351191,1,0,1,0,0
13.17497081,3.976882394,1.584383972,1,0,0,1,0
14.16939326,0.627489418,0.3243685,1,0,0,1,0
25.45122598,0.350461437,0.193075043,1,1,0,0,0
4.988827956,0.520037048,1.182118376,1,1,0,1,0
14.08966417,0.17096019,1.02550093,1,0,0,1,0
5.317065127,1.643582444,0.357717814,1,0,0,0,0
69.64719839,0.171241613,0.32462101,1,0,0,1,0
7.52820435,15.22543133,0.074607876,1,0,0,1,0
41.77467247,0.318197929,3.012476946,1,1,0,1,0
19.61374146,4.394683063,4.937606527,1,0,0,1,1
9.229713305,3.502674778,0.101511753,1,0,0,1,0
0.249122205,0.310728651,0.487868008,0,0,0,1,0
14.36088025,1.512058801,0.217230796,1,0,0,1,0
13.38437929,2.6941295,0.301786948,1,0,0,1,0
7.387695846,1.59882689,0.847218144,1,0,0,1,0
1.750683648,0.580885031,0.247285494,0,0,0,0,0
1.869959393,2.514884917,1.394792458,0,0,0,1,0
1.753527822,3.749889667,1.143069032,0,0,0,1,0
203.6149799,4.801743074,0.481827577,1,0,0,1,1
24.55449212,0.85817141,0.913537605,1,0,0,0,0
4.070386466,1.210691165,0.365732082,1,0,0,0,0
2.733860736,1.97602419,0.520279834,1,0,0,0,0
44.70397868,0.889242168,1.809730555,1,1,0,0,0
7.420485013,11.58954932,1.493101811,1,1,0,1,0
6.976530602,0.044035496,0.391514005,1,0,0,1,0
4.834574507,2.172231927,0.216922917,1,1,0,1,0
28.90062649,0.028615121,0.304719488,1,0,1,0,0
83.74418978,0.2515411,1.93317773,1,0,0,1,0
28.34163102,9.868671754,0.244756941,1,0,0,0,0
5.303524756,0.078297969,0.210393125,1,0,0,0,0
35.03752103,0.161586478,2.889801905,1,1,0,1,0
3.752089217,0.016283998,1.121408685,1,0,0,0,0
0.822670908,0.644241528,0.980721666,0,0,0,1,0
33.90884897,1.409759249,1.287555385,1,0,0,1,0
181.8633142,0.484760584,1.955707197,1,0,0,1,1
1.962944418,0.643003705,0.559660072,1,0,0,1,0
3.189649239,0.15802581,0.113871936,1,0,0,1,0
14.24377671,0.037334044,0.500000261,1,0,0,1,0
9.729462832,0.152264784,0.352450343,1,1,0,0,0
3.252473731,2.164226739,0.457781061,1,1,0,1,0
2.937545089,7.140061629,3.456801927,1,0,0,1,0
72.92483277,2.202201688,0.883703012,1,0,0,1,0
4.52827897,11.98665883,1.261882906,1,0,0,1,0
6.723445292,4.018906101,0.82020881,1,1,0,1,0
37.61362674,0.093308697,2.336528213,1,0,0,0,0
4.553073036,0.275833476,0.556853114,1,1,0,0,0
3.449693507,0.195377328,0.816470318,1,0,0,1,0
2.750666521,0.422404731,1.74929194,1,0,0,1,0
119.8712174,0.427533915,0.214675428,1,0,0,0,0
11.79062485,11.01112085,0.13307725,1,0,0,1,0
2.752206096,0.727363925,1.385929204,1,0,0,1,0
2.563114392,11.78237974,0.644421408,1,0,0,1,0
47.41568031,8.21839401,0.72109791,1,0,0,1,0
2.60817426,1.792250154,0.547483245,1,1,0,0,0
20.01333326,0.942196049,1.923442898,1,1,0,0,0
124.7217064,0.254718859,0.681738104,1,0,0,0,0
4.836330684,31.58072828,2.170196996,1,1,0,1,0
30.30730117,0.10636017,0.580694695,1,0,0,0,0
30.90741386,0.832786266,2.818713521,1,0,0,1,0
9.536126316,0.436248062,4.034980883,1,0,0,1,1
1.973840239,3.053468614,0.42213228,1,1,1,0,0
1.17357245,0.12789298,2.15994386,0,0,0,1,0
2.895528121,25.66037788,0.861468194,1,0,0,0,0
4.403263397,0.173726088,0.641168822,1,0,0,0,0
13.44537672,0.582856028,4.86826816,1,1,0,1,1
1.458781694,2.454225243,0.278391895,0,0,0,1,0
11.67231035,0.22390374,7.443476096,1,1,0,1,1
4.626451069,0.325009075,0.291571646,1,0,0,1,0
25.76711763,0.240447456,0.159424218,1,1,0,0,0
25.73326856,2.243232504,4.201542808,1,0,0,0,0
92.4130662,0.307726594,3.350169547,1,0,0,1,0
10.89871649,1.483684762,6.957806092,1,0,0,1,1
7.367121654,3.342731313,0.587795621,1,0,0,1,0
3.353737303,0.028323822,0.766096568,1,0,0,0,0
2.962023614,0.43899309,0.354658374,1,0,0,1,0
67.80106945,10.12435826,0.770120503,1,0,0,1,0
11.1566021,83.51577503,2.120484587,1,1,0,1,0
18.80232777,0.692737433,6.333029385,1,0,0,0,0
43.7130761,0.008779414,0.431491222,1,1,0,1,0
60.03875057,1.293883261,1.60590316,1,0,0,1,0
66.63681002,0.44669921,1.405521659,1,0,0,1,0
5.425581819,0.058575938,1.967066319,1,0,0,1,0
4.061359715,31.08564122,0.557972964,1,0,0,0,0
7.101048806,1.820919388,1.343635702,1,0,0,1,0
4.147772728,34.89374678,0.841907124,1,0,0,1,0
11.18590273,0.276916635,3.527965777,1,1,0,1,0
5.741232951,0.007099659,7.111913067,1,1,0,0,0
46.66246406,3.108844879,0.879297427,1,0,1,1,0
7.471023586,0.055249693,1.154451251,1,0,0,1,0
22.09334584,0.620536843,2.961612638,1,0,0,0,0
25.18027798,1.790907339,4.5957362,1,0,0,1,1
4.974667805,0.500178119,0.504898358,1,0,0,1,0
16.686809,2.85044997,0.357640492,1,1,0,1,0
8.91213267,0.185431852,6.677103483,1,0,0,0,0
6.3487433,0.211489734,1.409942608,1,0,0,0,0
9.607708552,1.169219492,3.674885976,1,1,0,1,0
8.553590535,4.942183053,1.091558418,1,1,0,1,0
9.873345909,2.429032,0.823330946,1,0,0,1,0
14.66828652,1.333309496,0.571695223,1,1,0,1,0
42.02329848,0.631662277,0.354900287,1,0,0,1,0
2.461538838,0.490978051,1.166586607,1,1,0,1,0
3.079931282,1.134009828,0.636839412,1,0,0,0,0
4.674102052,1.597139377,1.074325595,1,0,0,1,0
60.1324489,49.1322164,0.082013051,1,0,0,0,0
5.630854175,1.626769111,1.645281091,1,0,0,1,0
13.98494805,0.792328206,2.038611105,1,0,0,1,0
1.658147788,2.42657175,0.928251846,0,1,0,1,0
12.11913664,0.262458898,0.837042345,1,1,0,1,0
31.13916263,0.708267571,0.540552549,1,0,0,0,0
1.814573385,5.581130128,0.233302778,0,1,0,1,0
0.32269949,0.903879883,0.472386361,0,0,0,1,0
23.07332475,4.607427128,1.031009634,1,0,0,0,0
32.56684335,0.001448486,0.921121148,1,0,0,0,0
0.110990507,0.796443981,1.285635875,0,1,0,0,0
4.574542999,2.311458168,0.148013758,1,0,0,0,0
156.0206143,0.146523162,0.323884563,1,0,1,1,0
11.63812501,18.82342528,1.440934978,1,0,0,0,0
22.19613606,1.405005245,0.611530543,1,0,0,1,0
1.377443829,31.78624859,0.163914959,0,0,0,0,0
127.0528793,1.17294139,0.266208571,1,1,0,1,0
7.518391096,0.238398533,0.206232138,1,0,1,1,0
15.0993626,28.90948942,0.866499988,1,1,0,1,0
2.415117033,5.911057327,0.452824016,1,1,0,1,0
128.1015686,2.928295578,1.323237703,1,1,0,1,0
38.61781399,0.543931795,3.300181506,1,0,0,1,0
1.025063639,0.405035844,1.514882295,0,0,1,1,0
8.57139251,2.315862395,0.809492441,1,0,0,1,0
3.092215225,7.676584453,1.34980111,1,0,0,1,0
7.944889174,6.105123131,0.600763042,1,1,0,1,0
13.39137616,0.406645356,5.711177074,1,0,0,1,1
17.20179959,0.948779585,1.92455345,1,1,1,1,0
4.961292663,0.376531816,4.38264973,1,0,0,0,0
4.060641857,3.395031958,0.21972329,1,0,0,1,0
5.559593147,3.527659846,0.369893097,1,0,0,0,0
7.16233562,0.143330089,0.321782666,1,1,0,1,0
1.68208773,20.94504846,0.091654476,0,0,0,0,0
19.17467508,0.171780019,1.620704,1,0,0,0,0
7.113412598,35.79240576,0.236773489,1,0,0,1,0
55.11866179,1.029393196,0.396068876,1,0,0,0,0
8.356223063,0.04459117,11.62640797,1,0,0,1,1
11.44139967,0.028347595,1.125674731,1,0,0,0,0
20.56621863,2.306317301,1.374767164,1,0,0,1,0
5.672479224,3.227208843,0.379988864,1,0,0,1,0
13.24731371,0.376716463,1.871991565,1,0,0,1,0
21.88311092,0.282924412,0.09012126,1,0,0,1,0
36.36740614,0.070270032,1.011177327,1,0,0,1,0
12.62753331,0.66072665,3.710663578,1,1,0,1,0
9.569921377,0.456419553,5.377945948,1,0,0,1,1
6.149339085,5.157387141,6.195438373,1,0,0,1,1
16.46630775,10.44466959,0.245092112,1,0,1,0,0
31.23802554,0.249496404,7.158601127,1,0,0,1,1
15.0070764,9.269581242,0.927874462,1,0,1,0,0
48.98416084,1.162828035,0.710042672,1,0,0,1,0
48.90272699,0.205816442,1.307000228,1,0,1,0,0
2.622403094,1.260186395,6.535159579,1,0,0,1,1
23.41846143,1.945048829,4.847080912,1,1,0,1,1
3.06330078,3.435269962,1.728514849,1,1,0,0,0
1.022666575,0.051583273,3.172012756,0,1,1,1,0
39.41243581,1.539161738,1.762040287,1,1,0,1,0
1.818129168,0.022441516,2.544564608,0,0,0,1,0
9.829891774,5.674881762,11.79518415,1,0,0,0,0
4.617784751,6.702259759,0.17450516,1,0,1,0,0
7.913734419,0.425661386,1.520000552,1,1,0,0,0
9.024411466,3.230411834,0.567916292,1,1,0,1,0
4.659976127,4.114380309,0.516744158,1,1,0,0,0
35.27673738,0.564146336,3.677761095,1,0,1,0,0
1.619054402,39.15041257,0.093604695,0,1,0,1,0
25.78633174,2.159971993,3.105695366,1,0,0,1,0
147.3096483,1.446091473,0.374984384,1,1,0,0,0
18.74485465,0.707186741,1.480157115,1,0,0,1,0
42.5842435,0.284320507,0.73050892,1,0,0,1,0
8.21385138,0.728301388,0.912011443,1,0,0,1,0
3.284100595,0.700283805,0.36834758,1,0,0,1,0
3.512646448,5.289926564,0.362414485,1,1,0,1,0
16.49656923,2.951261335,4.703955164,1,1,1,1,0
9.381093634,1.131997463,5.334167937,1,0,1,0,0
5.847115218,0.494278095,1.05711435,1,0,0,1,0
289.4484546,9.882042126,1.832586704,1,0,0,1,1
6.484446089,0.478916179,0.016932756,1,1,0,0,0
3.623068612,6.870696431,5.295454473,1,0,1,0,0
25.68291095,2.660024165,0.245767681,1,0,0,0,0
392.2179904,0.019418493,0.39608088,1,0,0,1,1
38.55790262,6.795988973,3.183796049,1,0,1,1,0
5.49677429,12.36710868,0.335137868,1,0,0,0,0
13.22711782,4.328324857,0.162843884,1,0,0,0,0
10.41043893,4.661611127,1.174697895,1,0,0,1,0
22.48981063,2.289516926,2.225827671,1,0,0,1,0
9.766095108,9.650277096,1.897041809,1,1,0,1,0
20.70051966,0.307796586,5.910676739,1,1,0,1,1
12.27986123,4.816447372,0.463674718,1,1,0,1,0
2.135390072,2.362809872,0.111401467,1,1,0,1,0
24.79690219,0.045859162,0.346127592,1,0,0,0,0
48.99122403,8.1307392,2.037994288,1,1,1,1,0
6.550509916,0.218515884,0.263543192,1,0,0,0,0
9.139425078,0.124511381,0.982945371,1,0,0,0,0
5.916342582,5.099246591,0.419778896,1,0,0,0,0
37.3839042,0.248304552,0.875686965,1,0,0,0,0
8.648202311,0.86648396,2.766675235,1,0,0,0,0
9.497567695,0.259412747,1.056248724,1,1,0,1,0
7.219378635,0.296457541,6.51017887,1,1,0,1,1
35.12502308,0.340010303,2.603052896,1,0,0,0,0
288.5358337,0.444458946,0.602295991,1,0,1,0,0
3.481452744,0.236597461,0.392998139,1,0,0,0,0
69.23466193,0.699263849,0.250670433,1,0,0,1,0
2.765788778,0.688585769,6.928813284,1,0,0,1,1
7.418518847,0.55580422,0.214089004,1,0,0,1,0
21.49193916,0.89090419,1.231721111,1,1,0,1,0
8.730968413,0.146999711,0.39947263,1,1,0,0,0
12.44241093,0.476860335,0.567663679,1,1,1,0,0
51.09948831,0.167213307,0.955003418,1,0,0,1,0
4.919378423,8.896714744,2.096961487,1,1,0,1,0
5.123701268,2.004670034,0.421384377,1,1,0,0,0
9.582590392,14.40347727,1.074241754,1,0,0,1,0
4.152315022,0.326423473,0.6393948,1,0,0,0,0
0.401583277,0.198172534,1.603737125,0,0,0,1,0
12.34662968,1.835669227,0.159482869,1,0,0,1,0
4.086940429,0.625512227,1.618230028,1,0,0,1,0
0.537344329,0.476286878,0.172520275,0,0,0,0,0
4.694554111,0.417127233,0.447996219,1,1,0,1,0
101.3933632,0.956657072,0.77938827,1,0,0,1,1
0.35430041,0.308694594,0.769574527,0,0,0,1,0
6.747621742,14.49917034,0.982059677,1,0,0,1,0
60.64622156,0.493725024,5.898155905,1,1,1,0,0
2.27850875,0.521716103,1.684704746,1,0,0,1,0
1.773515453,0.299515396,0.192373117,0,0,0,0,0
3.886488504,0.685040104,1.636212706,1,1,0,1,0
11.00037283,0.311726586,2.035576665,1,0,0,1,0
11.43100912,0.359847902,0.589155055,1,0,0,1,0
6.634185255,2.452159245,1.248465926,1,0,0,1,0
3.362198476,1.392850983,1.20675903,1,0,0,1,0
14.78803382,2.631986317,1.062602447,1,0,0,1,0
2.420055139,2.467801131,0.861246595,1,1,0,1,0
23.51752666,3.513484782,0.241444044,1,0,0,0,0
13.91503008,0.180465681,18.63970392,1,1,0,1,1
13.6355717,2.190264908,0.697870609,1,0,0,1,0
21.90232,2.051171585,0.090531865,1,0,0,1,0
6.174235752,9.517071541,6.265108714,1,0,0,0,0
7.48479856,20.67764604,1.372819185,1,0,1,1,0
2.348733056,1.587612737,0.708566746,1,0,0,1,0
10.6643463,2.47460577,1.161551228,1,0,1,1,0
18.20362065,0.420166381,0.430319902,1,0,0,1,0
5.3695363,0.358243003,1.721866808,1,0,1,1,0
25.33667803,2.625867395,0.143954994,1,0,0,1,0
57.04882145,2.76408105,0.758117607,1,1,0,0,0
26.56063667,1.742512674,0.104316888,1,0,1,1,0
6.042847095,2.170755408,1.56128234,1,1,0,1,0
3.927908035,1.013464564,0.209081557,1,0,0,1,0
46.04581958,2.016127531,1.263434965,1,1,0,1,0
7.290368428,0.074321377,0.489358738,1,1,0,1,0
3.519419649,0.751522869,1.086996402,1,0,0,1,0
4.437668184,0.016412299,0.670197037,1,0,0,1,0
12.55700923,0.012191544,4.145879441,1,1,0,0,0
2.696975444,0.1071567,0.826814315,1,0,0,1,0
5.599947409,2.477098391,5.956153292,1,0,0,0,0
7.591659677,8.532510646,2.411444745,1,0,0,1,0
222.9881952,0.458487674,0.196007281,1,0,1,1,0
7.502776771,0.923813823,1.221862588,1,0,1,1,0
17.91959454,0.209696659,0.962389658,1,0,1,1,0
3.385092178,0.11566861,0.888959808,1,0,0,1,0
30.05498667,2.781598848,4.466617049,1,0,0,0,0
20.01807084,7.499138756,0.534060159,1,1,0,0,0
8.00687696,0.071909351,1.743592204,1,0,0,1,0
28.44233905,0.978967806,1.10191385,1,0,0,1,0
3.176582584,4.91995772,2.414563668,1,1,0,1,0
1.621011059,2.293805433,3.653273384,0,1,0,1,0
2.875850176,0.29986118,0.723392299,1,1,0,0,0
1.99194729,0.185384648,2.455166341,1,0,0,0,0
20.16520928,3.818523351,1.906445298,1,0,0,1,0
18.61706514,0.782130298,0.812000863,1,1,0,1,0
209.6884718,32.03022942,0.487928703,1,0,1,1,0
15.94127885,2.499927348,0.627139873,1,0,0,1,0
17.8985104,3.592982406,0.310496943,1,0,0,0,0
14.66987102,18.22898624,0.199599846,1,1,0,1,0
54.53553422,1.062769044,0.581188238,1,0,0,1,0
149.3183725,7.587302088,0.577542552,1,0,0,0,0
13.30849148,0.190341968,0.273267505,1,0,0,1,0
8.992782983,0.219028173,0.675820047,1,0,1,1,0
7.013663006,1.896831079,0.748937082,1,0,0,0,0
3.714588009,14.67366517,0.912219859,1,0,0,1,0
14.64173287,0.008814191,0.851706521,1,0,0,1,0
1.048071435,4.015469377,2.443841001,0,0,0,1,0
309.6091326,1.368608283,1.232846372,1,1,0,1,0
9.404444305,0.890765679,0.707918387,1,0,0,1,0
22.46641566,7.999106734,0.835731538,1,0,0,1,0
68.67951872,0.24943647,0.696879892,1,1,0,1,0
128.7416682,0.319339314,3.102303693,1,0,0,1,1
16.68426201,0.384808457,0.839089005,1,0,0,0,0
1.449032933,0.875734412,0.381550362,0,0,0,1,0
8.469791634,1.50594517,2.004555548,1,1,0,1,0
20.73273306,8.326891761,2.557807484,1,0,0,0,0
41.32312487,0.775223787,1.04915439,1,0,0,1,0
41.25977447,0.249406312,2.635692749,1,0,0,1,0
0.701100363,0.540486678,1.754567545,0,0,0,1,0
218.116667,2.176502882,0.448965672,1,0,0,1,1
26.69822577,2.73870182,1.078055191,1,1,0,0,0
18.39316356,13.72625412,0.851525689,1,0,0,1,0
2.61960027,9.858301275,0.095645821,1,0,1,1,0
11.722725,0.059075274,1.131327377,1,1,1,0,0
0.104184119,0.127882955,2.687945578,0,0,0,0,0
20.93456811,1.119201707,0.576059876,1,0,1,1,0
16.02290745,1.578293233,0.526235138,1,0,0,0,0
0.728004389,26.04781074,2.890636538,0,0,0,0,0
3.797452853,1.882925258,1.430685675,1,0,0,1,0
676.7023485,1.209733066,6.948586474,1,0,0,1,1
7.873742998,1.608592818,0.795777504,1,1,0,1,0
7.200425133,1.901058264,0.638769645,1,1,0,1,0
8.44688976,0.538515359,0.442398976,1,0,0,1,0
10.67374111,417.4538684,0.475114804,1,0,0,1,1
14.50472677,1.862790411,0.33494735,1,1,0,0,0
1.069142809,0.124391878,0.787225853,0,1,0,1,0
4.747728019,2.761097826,0.507531849,1,0,0,0,0
25.15562286,0.951407346,0.764981652,1,0,1,1,0
17.20583116,0.058143802,1.827788052,1,0,0,0,0
16.66550813,1.026591931,1.252484889,1,0,1,1,0
9.285511999,11.09229372,3.647589852,1,0,0,1,0
21.02368572,0.136632637,5.009472231,1,0,0,1,1
172.4326964,2.148157875,1.31669021,1,0,0,1,1
0.388200722,0.243808221,2.298196948,0,1,0,1,0
73.9441613,7.8964868,1.870557006,1,1,0,1,0
5.30256193,1.50331151,2.390473281,1,1,0,1,0
28.918642,16.96837622,3.067301195,1,1,0,1,0
5.04743668,1.649066201,1.682743695,1,1,0,0,0
6.096703642,1.312738163,0.472258723,1,0,0,0,0
1.577235524,0.008553692,0.345478967,0,0,0,0,0
0.838290164,0.953792674,2.660863645,0,1,0,1,0
2.093695464,0.010891329,0.233793475,1,0,1,1,0
5.070077481,3.48546702,0.758208539,1,1,0,0,0
0.633632845,1.40651842,4.086039125,0,0,0,1,1
65.12984359,1.534765489,5.303931857,1,0,0,1,1
4.666124578,0.18256977,1.103406703,1,0,0,0,0
27.17278347,9.345470048,0.239775081,1,0,1,1,0
3.172427559,0.022879145,0.292800497,1,1,0,1,0
4.376988789,11.1900193,1.080980476,1,1,0,0,0
11.37673149,1.69528634,0.834479191,1,0,1,1,0
11.6365209,2.724423056,1.083468387,1,0,0,1,0
8.022584253,0.615953023,0.266111118,1,0,0,1,0
44.60290519,7.464425756,0.693878521,1,1,0,1,0
77.99398903,0.511666273,8.526143592,1,0,0,0,0
26.79702231,3.054649177,0.494411258,1,0,0,1,0
63.28594323,1.081513154,1.167043878,1,1,0,1,0
36.2632427,3.721830401,0.943007542,1,0,0,1,0
5.84135469,9.729249531,0.435762693,1,0,1,0,0
2.687857063,0.093715593,0.610092149,1,0,0,0,0
62.89138402,0.266638294,0.632133734,1,0,1,1,0
5.052392695,2.772466853,1.930049375,1,1,0,0,0
11.34691379,1.064752738,0.173529118,1,0,0,1,0
99.41247646,16.44592231,12.30557884,1,0,0,1,1
15.93743651,0.030192088,0.238785526,1,1,0,1,0
0.164107856,14.73147765,3.187353446,0,0,1,1,0
18.61920072,1.000018818,1.011383708,1,0,0,1,0
23.8242192,9.457365308,2.184339514,1,0,0,0,0
0.696234692,0.527007914,1.07361626,0,0,0,1,0
15.60029027,3.741209545,0.548772606,1,0,0,1,0
3.958019658,0.593419186,0.419935985,1,0,0,0,0
2.555054467,2.55434801,0.10102539,1,0,0,1,0
0.536950888,9.573640265,0.185039209,0,0,0,1,0
29.76830408,0.418582483,0.30843144,1,0,1,1,0
18.80826987,2.457648039,0.786333491,1,0,0,1,0
5.892948771,0.07493669,0.439558,1,0,0,0,0
1.280131576,1.286043177,0.341384992,0,0,0,0,0
0.59925563,2.044360947,2.556047562,0,1,0,1,0
2.044421645,7.385525348,2.458384426,1,0,1,0,0
1.409858441,6.395013427,0.735183931,0,0,0,0,0
47.92025887,0.067294962,1.625129854,1,0,0,1,0
4.407229837,0.448047543,1.188002294,1,1,0,1,0
17.19158273,5.882717583,2.461085982,1,1,0,1,0
10.60215267,0.302030382,2.601526602,1,1,0,1,0
6.515121353,2.003781449,0.676076973,1,1,0,0,0
4.192093202,1.450034559,0.542063402,1,0,0,1,0
63.75519682,0.591819441,0.320026472,1,0,0,0,0
99.49171805,1.293788866,2.236088378,1,0,0,0,0
0.928228864,0.306462892,0.167058302,0,1,0,1,0
1.153942405,2.497808083,0.717936735,0,1,1,0,0
0.641433795,37.52481162,0.348157997,0,0,0,1,0
68.39328152,2.066348462,0.349901687,1,0,0,1,0
6.656105658,4.743911096,4.165662653,1,0,0,1,1
24.47727772,0.113256054,1.664704725,1,1,1,1,0
11.14786529,11.91585662,1.12762647,1,0,0,1,0
9.25834356,0.633609008,0.066744115,1,1,0,1,0
3.899505652,0.512340009,1.541854479,1,1,0,0,0
2.671290127,0.034124502,0.079570301,1,1,0,1,0
3.846600405,0.428514153,1.574253399,1,0,0,0,0
3.704913616,0.639485201,0.161805079,1,0,0,1,0
36.24136953,0.867046328,2.586101526,1,0,0,1,0
10.81617802,23.94871226,4.080657431,1,0,0,1,1
2.497353109,1.319930115,1.065778475,1,0,0,1,0
30.85793997,0.36853662,1.337189294,1,0,0,0,0
1.961483173,0.206745199,0.60191615,1,0,1,1,0
1.151782014,0.554997394,1.672526514,0,0,1,1,0
94.3788423,0.047522054,0.486495552,1,0,0,1,0
36.02945415,0.892513738,0.717541405,1,0,0,1,0
46.23698194,0.566333787,1.062616301,1,0,1,0,0
0.739994594,0.167639798,0.509180277,0,1,0,0,0
5.315580886,4.700764829,3.912071216,1,0,0,1,0
6.382550755,20.12102032,0.91718386,1,0,0,1,0
5.642101118,2.92638171,2.35112997,1,1,0,1,0
55.25519149,0.174362368,3.164244832,1,0,0,0,0
7.970163737,0.304125902,0.60638625,1,0,0,1,0
40.92836952,0.705506041,3.678887596,1,0,0,0,0
2.391079033,0.287567112,5.376139618,1,0,0,0,0
0.326145363,4.736041079,0.472736767,0,0,0,1,0
52.10873742,0.299208885,0.704424057,1,1,0,1,0
11.27799382,4.688317304,0.449376181,1,0,0,1,0
84.35150567,0.94955154,10.00749887,1,0,0,0,0
3.409953179,0.191734257,0.750806201,1,1,0,1,0
1.48500997,4.026682108,1.520102703,0,1,0,0,0
0.669205646,0.812729342,6.944422335,0,0,0,1,1
22.40469952,0.388635077,2.124674649,1,0,0,1,0
18.36574073,0.480834209,1.600441708,1,0,0,0,0
215.1347106,9.570486989,0.207695673,1,0,0,1,1
30.08703915,0.029868037,0.207094321,1,1,0,1,0
25.82517891,0.205624984,0.177070156,1,0,0,0,0
10.9610155,1.702964971,0.28231292,1,0,1,0,0
5.014897167,8.821599699,2.66205619,1,1,0,1,0
30.59289095,0.354542795,1.327184249,1,1,0,0,0
11.67482384,0.17258567,1.200433501,1,0,0,1,0
38.94706432,4.647807192,0.232156072,1,0,0,0,0
8.282812257,2.189125182,0.047638332,1,0,0,1,0
1.488263327,3.604559295,3.029084436,0,1,0,0,0
4.958675915,0.680343765,1.944687176,1,1,1,1,0
3.248511277,0.558531845,3.162919771,1,0,0,1,0
39.96667247,37.94634834,0.491360417,1,0,0,1,0
24.51139729,4.048135667,0.283196163,1,0,0,1,0
3.263601133,4.152682884,1.712802135,1,1,0,1,0
2.175890054,10.64795009,0.375324908,1,0,0,0,0
20.92816302,1.818794328,4.185537295,1,1,1,1,0
21.04506991,0.044867539,2.10206207,1,1,0,1,0
5.60866626,2.282940794,0.230088173,1,0,0,1,0
22.72213187,2.625550702,0.61779172,1,1,0,1,0
54.90282827,0.409274997,1.656783724,1,0,0,1,0
12.71051748,2.131796279,1.684896744,1,1,0,0,0
7.122147752,0.175445738,3.477843168,1,0,0,1,0
18.2895891,54.64244816,0.777554144,1,0,0,1,1
3.033406874,0.020361259,0.628246776,1,1,0,1,0
1.063136261,0.654035369,0.427438444,0,0,1,1,0
0.621843346,0.1947114,0.339246912,0,0,0,1,0
0.457257971,2.081562245,0.778587093,0,0,0,0,0
16.25818687,2.482339611,1.307668445,1,1,0,1,0
8.476141697,2.025839302,2.309070526,1,1,0,1,0
6.277127387,0.06006638,0.556252479,1,0,0,1,0
128.655919,0.468477288,1.829497049,1,1,0,1,0
20.4723253,4.003913146,1.708508831,1,0,1,0,0
74.60622498,0.771613023,1.079259949,1,1,0,1,0
8.601551936,24.15946268,5.687015471,1,1,0,1,1
0.771844287,0.108032858,0.584985294,0,0,0,1,0
17.18921708,0.027632814,0.74327218,1,1,0,1,0
3.662822851,19.68715678,0.794281466,1,0,0,1,0
1.484453617,1.096308171,1.563494259,0,0,0,0,0
13.09956626,2.442522852,0.126491909,1,1,1,1,0
0.975673466,3.233244816,1.285091802,0,1,0,0,0
12.46155664,0.99142451,0.763763061,1,1,0,0,0
14.28828839,1.085858408,2.834709068,1,0,1,1,0
20.46337598,0.796005328,0.975941111,1,0,0,1,0
7.846310666,1.174792971,1.374469861,1,0,0,1,0
23.00110218,16.11610259,0.155437444,1,0,0,1,0
4.240015149,0.065682014,1.087172172,1,1,0,1,0
3.153067333,0.478180598,10.78775378,1,1,0,0,0
5.804103807,0.230512523,0.585857384,1,1,0,1,0
58.68989705,8.936947544,1.044511727,1,0,0,0,0
25.05528264,2.745307902,0.653941805,1,1,0,1,0
2.726161152,0.827594093,0.792672056,1,1,0,0,0
5.741821278,16.34602461,0.025979495,1,1,0,0,0
4.023066189,0.281468082,0.244243461,1,0,1,1,0
4.970758385,4.350399662,0.896047171,1,0,0,1,0
39.90416669,0.367448073,0.260832768,1,1,0,1,0
3.835155222,0.029550565,0.575155192,1,0,0,1,0
3.78160901,0.354382207,1.033269337,1,1,0,1,0
2.026338455,42.30353674,0.423906614,1,1,0,1,0
2.947101722,0.093586521,0.803159197,1,0,0,1,0
36.63946916,2.010313961,0.684255836,1,0,1,0,0
8.112279329,7.339104061,1.780610639,1,0,0,1,0
9.43426588,0.406196423,1.052743975,1,1,0,1,0
0.71911397,0.103023476,0.579396544,0,1,0,1,0
7.293760529,0.246213914,0.878589714,1,1,0,1,0
2.460523555,15.09138009,0.101245395,1,0,0,1,0
27.91897794,0.365313876,0.203364061,1,1,0,0,0
27.3784697,0.065477163,0.391267717,1,0,0,0,0
37.30181279,21.85498518,2.074789984,1,1,0,1,0
8.320631456,7.490617052,4.312078451,1,0,0,0,0
25.57635353,0.069595923,0.880444685,1,0,0,0,0
31.71554477,0.044018871,0.522545254,1,1,0,1,0
12.79494899,0.323515258,1.194997457,1,0,0,0,0
3.048426116,5.210106976,7.563454915,1,0,0,0,0
16.09165827,0.189320497,1.252234262,1,1,0,1,0
8.260910161,2.076860889,1.563835622,1,0,0,1,0
17.69698447,0.447482123,1.472553944,1,0,0,0,0
11.32740362,10.54754201,1.086949887,1,0,0,1,0
65.31927299,0.399092934,2.410063167,1,1,1,0,0
36.42747786,0.307772319,0.747128328,1,1,0,0,0
3.047629567,0.258016549,1.638747965,1,0,1,0,0
2.354007264,0.508027927,0.70681593,1,0,0,1,0
79.99850564,1.197998741,0.302511139,1,0,0,1,0
62.97882625,0.020119524,0.917197189,1,0,0,1,0
3.123330323,2.121235742,0.449873697,1,1,0,1,0
24.98739798,0.883693219,0.167253795,1,0,0,1,0
3.197805449,21.53268985,0.314133888,1,0,0,1,0
3.447808898,1.442919551,0.475809825,1,0,0,1,0
8.475885436,1.23972049,4.131872759,1,1,0,0,0
19.00998957,0.782335254,1.129028079,1,1,0,1,0
1.264025988,0.22826996,0.659836049,0,1,1,0,0
34.01010265,0.305762502,0.138984462,1,0,0,0,0
12.41091632,0.299727741,4.474875877,1,1,1,0,0
0.829217936,3.89192431,4.950195343,0,0,0,1,1
47.64498536,5.129795329,0.583092444,1,0,0,1,0
3.005300055,1.326846956,2.583334725,1,0,0,1,0
9.873417393,1.022586099,0.346643314,1,0,0,0,0
168.0917035,6.304360291,0.416832767,1,1,0,0,0
44.04762232,0.510298056,0.624706078,1,0,0,1,0
2.998417889,0.193680537,0.743415821,1,1,0,1,0
